{"cameraMode":{"drawMode":0,"name":"Shaded","section":"Shading Mode"},"sceneLighting":false,"audioPlay":false,"sceneViewState":{"showFog":true,"showMaterialUpdate":false,"showSkybox":true,"showFlares":true,"showImageEffects":true,"showParticleSystems":true},"in2DMode":false,"pivot":{"x":-0.0001424551010131836,"y":0.5418353080749512,"z":-0.009999990463256836},"rotation":{"x":-0.12575778365135194,"y":-0.8034313917160034,"z":0.18287962675094605,"w":-0.5524834990501404},"size":17.533662796020509,"orthographic":true}