{"cameraMode":{"drawMode":0,"name":"Shaded","section":"Shading Mode"},"sceneLighting":true,"audioPlay":false,"sceneViewState":{"showFog":true,"showMaterialUpdate":false,"showSkybox":true,"showFlares":true,"showImageEffects":true,"showParticleSystems":true},"in2DMode":false,"pivot":{"x":0.023799777030944825,"y":1.1878972053527833,"z":0.8182101249694824},"rotation":{"x":0.024675317108631135,"y":0.7275266647338867,"z":-0.026202447712421418,"w":0.6851346492767334},"size":6.718524932861328,"orthographic":true}